100,1000
25385,5.5
Prof_000001,27.390290,23.729291,22
Prof_000002,6.744376,5.363864,66
Prof_000003,15.758860,13.149203,100
Prof_000004,5.091530,23.694165,55
Prof_000005,22.388989,20.324471,18
Prof_000006,11.971549,32.418098,71
Prof_000007,5.189680,10.840101,89
Prof_000008,14.565257,31.189181,35
Prof_000009,32.750965,12.381303,86
Prof_000010,11.359426,27.975662,39
Prof_000011,19.792610,20.598800,85
Prof_000012,8.638710,28.137240,29
Prof_000013,29.792889,14.624092,40
Prof_000014,12.631895,28.214418,14
Prof_000015,4.447015,5.789043,39
Prof_000016,27.218334,22.049735,19
Prof_000017,25.113599,28.337305,41
Prof_000018,9.186508,30.462710,40
Prof_000019,21.856875,7.372459,41
Prof_000020,25.396930,10.778038,26
Prof_000021,10.896136,10.745864,55
Prof_000022,19.285965,3.868478,58
Prof_000023,32.757660,12.585816,22
Prof_000024,22.667119,30.351222,81
Prof_000025,26.026884,32.008625,53
Prof_000026,20.307425,30.526545,21
Prof_000027,26.363785,12.319494,49
Prof_000028,24.643586,25.446135,47
Prof_000029,21.360553,22.656673,22
Prof_000030,26.145716,3.775481,46
Prof_000031,23.525217,22.307568,16
Prof_000032,18.344873,19.864050,34
Prof_000033,18.026759,15.138816,66
Prof_000034,20.211275,24.031381,70
Prof_000035,32.509419,6.383634,42
Prof_000036,14.829498,12.108205,74
Prof_000037,13.676683,9.905555,40
Prof_000038,20.191371,30.615463,84
Prof_000039,28.666684,12.934342,62
Prof_000040,12.642967,9.358489,79
Prof_000041,7.585034,21.193568,22
Prof_000042,31.213062,29.450392,46
Prof_000043,22.596527,30.448819,98
Prof_000044,20.805492,22.356648,15
Prof_000045,23.832130,10.457080,13
Prof_000046,30.464648,13.451208,91
Prof_000047,31.015257,13.857346,24
Prof_000048,26.696162,15.309521,98
Prof_000049,7.040902,15.542017,30
Prof_000050,19.625651,13.407437,55
Prof_000051,23.215642,6.050321,23
Prof_000052,13.655876,30.955148,38
Prof_000053,29.270611,3.392324,67
Prof_000054,14.026667,30.347246,89
Prof_000055,7.405736,24.437295,19
Prof_000056,13.330864,23.169634,19
Prof_000057,20.320026,11.490770,64
Prof_000058,9.639588,11.043926,21
Prof_000059,31.100574,9.416553,56
Prof_000060,17.573633,26.945080,76
Prof_000061,8.096288,21.432704,20
Prof_000062,32.990050,14.538282,26
Prof_000063,27.547803,5.611545,63
Prof_000064,18.853562,26.186213,76
Prof_000065,7.293650,31.088705,86
Prof_000066,4.839026,4.979212,58
Prof_000067,3.634361,27.009291,49
Prof_000068,28.101616,14.994902,79
Prof_000069,13.042148,29.404972,42
Prof_000070,21.542267,8.628283,11
Prof_000071,29.497917,16.947884,21
Prof_000072,26.138654,31.373131,17
Prof_000073,10.117057,16.317943,10
Prof_000074,23.434496,32.278242,18
Prof_000075,26.923322,7.717631,23
Prof_000076,26.850335,7.508129,68
Prof_000077,19.746411,31.519610,99
Prof_000078,4.831155,26.340385,91
Prof_000079,20.226598,13.794214,65
Prof_000080,12.582919,20.184716,83
Prof_000081,22.863929,24.020248,46
Prof_000082,18.729539,13.921945,42
Prof_000083,26.616847,22.998289,20
Prof_000084,20.103261,13.331155,66
Prof_000085,19.659438,6.158995,84
Prof_000086,20.806879,8.145528,83
Prof_000087,7.218659,15.657355,38
Prof_000088,29.675297,13.445533,47
Prof_000089,13.423775,13.835715,94
Prof_000090,19.253346,19.609793,47
Prof_000091,24.817923,6.847097,22
Prof_000092,6.066707,12.603681,68
Prof_000093,6.644066,11.064334,63
Prof_000094,22.558548,7.397861,38
Prof_000095,25.282578,23.370665,43
Prof_000096,15.090912,31.641467,11
Prof_000097,13.263412,14.646506,50
Prof_000098,5.344796,30.320452,46
Prof_000099,11.351607,6.380259,44
Prof_000100,10.239255,21.948057,82
Aluno_000001,27.793585,27.511045,12
Aluno_000002,10.868399,27.546134,70
Aluno_000003,8.691667,31.512243,21
Aluno_000004,13.047958,7.043697,62
Aluno_000005,24.353490,18.615442,90
Aluno_000006,23.162540,28.801304,37
Aluno_000007,9.104985,15.671413,12
Aluno_000008,24.435747,25.729246,50
Aluno_000009,30.827108,12.249052,28
Aluno_000010,3.319716,13.494295,91
Aluno_000011,12.835762,22.609685,57
Aluno_000012,4.956191,14.910629,28
Aluno_000013,12.931080,22.599174,73
Aluno_000014,26.679434,6.800987,12
Aluno_000015,26.449044,20.782687,83
Aluno_000016,15.993732,3.418688,10
Aluno_000017,28.664822,20.742628,40
Aluno_000018,19.954872,23.362131,53
Aluno_000019,28.105827,3.856489,72
Aluno_000020,20.171931,29.502830,37
Aluno_000021,26.004134,18.959317,98
Aluno_000022,32.330730,9.834471,100
Aluno_000023,3.263717,31.609120,65
Aluno_000024,11.558172,23.266477,48
Aluno_000025,4.460772,30.590825,18
Aluno_000026,20.900510,11.377888,1
Aluno_000027,23.988517,13.796533,63
Aluno_000028,4.095707,22.356702,77
Aluno_000029,26.857689,3.419597,76
Aluno_000030,21.902284,27.275141,6
Aluno_000031,28.393829,19.806732,55
Aluno_000032,8.249361,4.396016,87
Aluno_000033,25.458146,23.558651,27
Aluno_000034,25.115141,24.704232,75
Aluno_000035,21.907062,20.063974,100
Aluno_000036,6.723291,11.787072,17
Aluno_000037,19.321543,14.411196,12
Aluno_000038,13.720316,5.554021,64
Aluno_000039,26.520498,19.085260,18
Aluno_000040,17.376085,21.778488,91
Aluno_000041,30.856376,27.481270,6
Aluno_000042,8.977803,4.776595,74
Aluno_000043,24.833297,21.344893,18
Aluno_000044,22.464490,9.573511,78
Aluno_000045,4.548652,18.190986,37
Aluno_000046,5.697718,10.866774,100
Aluno_000047,12.962790,29.442481,87
Aluno_000048,20.701132,10.447078,28
Aluno_000049,32.851311,4.920936,4
Aluno_000050,22.684910,12.316273,10
Aluno_000051,21.803345,21.258373,65
Aluno_000052,3.369569,25.908201,53
Aluno_000053,29.162222,7.624888,62
Aluno_000054,24.410148,13.589885,81
Aluno_000055,33.068373,22.182720,100
Aluno_000056,17.363990,8.286233,79
Aluno_000057,10.762829,30.424749,33
Aluno_000058,19.469642,22.841793,15
Aluno_000059,30.115304,32.096126,55
Aluno_000060,17.987111,8.434132,60
Aluno_000061,17.000906,31.163956,72
Aluno_000062,28.306437,20.184829,9
Aluno_000063,28.331908,26.463695,98
Aluno_000064,29.084632,15.507569,99
Aluno_000065,25.523842,27.683218,83
Aluno_000066,16.641591,18.269541,50
Aluno_000067,11.877742,13.827186,67
Aluno_000068,19.152074,16.511160,46
Aluno_000069,27.801045,7.539964,13
Aluno_000070,27.422684,10.062222,84
Aluno_000071,16.048456,27.369419,36
Aluno_000072,25.494168,11.286674,18
Aluno_000073,31.828467,23.311284,9
Aluno_000074,23.107410,11.463810,5
Aluno_000075,17.597942,28.443771,95
Aluno_000076,27.307727,7.594522,45
Aluno_000077,25.479351,31.098848,56
Aluno_000078,25.262543,22.114163,33
Aluno_000079,5.321732,20.311259,73
Aluno_000080,15.694477,20.847175,59
Aluno_000081,6.816716,27.345574,95
Aluno_000082,8.872760,28.836068,89
Aluno_000083,13.047228,15.194458,12
Aluno_000084,20.434422,24.524835,56
Aluno_000085,32.287057,7.348274,21
Aluno_000086,32.417693,14.357106,63
Aluno_000087,23.343780,14.835513,34
Aluno_000088,5.846797,24.411860,54
Aluno_000089,3.575670,21.672248,77
Aluno_000090,17.816019,25.454207,40
Aluno_000091,30.748729,17.673612,65
Aluno_000092,16.472460,11.623746,49
Aluno_000093,31.437909,22.728080,100
Aluno_000094,10.739339,8.235003,63
Aluno_000095,26.782177,3.259642,99
Aluno_000096,28.305216,22.933816,34
Aluno_000097,19.469884,30.098893,12
Aluno_000098,12.993351,3.677976,65
Aluno_000099,25.902811,29.017113,80
Aluno_000100,4.065387,29.927772,24
Aluno_000101,11.984878,24.689868,48
Aluno_000102,7.225380,2.983079,67
Aluno_000103,25.094940,31.828659,93
Aluno_000104,21.200906,9.572177,8
Aluno_000105,32.726384,25.170610,72
Aluno_000106,10.544222,5.516925,39
Aluno_000107,14.840671,29.975113,52
Aluno_000108,20.403193,23.516682,79
Aluno_000109,29.451684,12.778581,23
Aluno_000110,13.738222,27.642532,76
Aluno_000111,18.276348,22.733862,38
Aluno_000112,20.532754,8.543438,17
Aluno_000113,9.921414,4.246232,16
Aluno_000114,30.963345,30.026105,1
Aluno_000115,27.653878,32.324225,72
Aluno_000116,24.714093,31.528732,37
Aluno_000117,32.211811,6.138756,63
Aluno_000118,5.667415,28.439473,57
Aluno_000119,5.711650,23.806750,42
Aluno_000120,16.677360,23.368321,92
Aluno_000121,26.585247,4.938034,48
Aluno_000122,32.613147,23.721582,6
Aluno_000123,14.938264,7.925918,92
Aluno_000124,18.404499,19.516340,47
Aluno_000125,14.858871,10.889949,20
Aluno_000126,31.323810,28.642721,90
Aluno_000127,4.886159,29.635219,81
Aluno_000128,31.581451,18.356564,31
Aluno_000129,16.082670,11.307573,6
Aluno_000130,11.331798,29.044796,12
Aluno_000131,28.273528,10.236547,6
Aluno_000132,14.075303,32.545891,5
Aluno_000133,28.685364,26.985338,78
Aluno_000134,18.492089,16.242718,98
Aluno_000135,7.311039,30.897014,12
Aluno_000136,3.535048,31.669449,1
Aluno_000137,23.091032,30.396285,36
Aluno_000138,6.022203,32.648195,15
Aluno_000139,19.864535,4.529296,80
Aluno_000140,13.119244,20.926702,59
Aluno_000141,17.269423,31.223406,91
Aluno_000142,28.558625,10.943054,69
Aluno_000143,26.999619,18.655582,27
Aluno_000144,27.663156,26.640076,6
Aluno_000145,23.384872,9.582288,69
Aluno_000146,17.518836,5.494954,51
Aluno_000147,5.740845,18.158400,94
Aluno_000148,12.843738,28.094139,83
Aluno_000149,12.036856,30.926209,7
Aluno_000150,29.523222,27.835827,35
Aluno_000151,27.205276,15.847895,26
Aluno_000152,13.944181,29.558270,55
Aluno_000153,29.906465,16.796308,93
Aluno_000154,19.025604,16.466384,69
Aluno_000155,5.093086,16.271000,1
Aluno_000156,15.194406,28.644848,12
Aluno_000157,7.287902,18.862509,58
Aluno_000158,5.218092,10.253031,33
Aluno_000159,4.593107,30.787521,95
Aluno_000160,8.069810,29.381247,15
Aluno_000161,32.576201,24.477979,44
Aluno_000162,10.336379,22.088645,100
Aluno_000163,17.882784,4.817046,19
Aluno_000164,3.443255,19.680117,22
Aluno_000165,15.215944,26.419640,50
Aluno_000166,9.967536,29.466478,82
Aluno_000167,26.724748,8.921220,74
Aluno_000168,23.417528,20.411716,85
Aluno_000169,4.578100,23.131213,97
Aluno_000170,7.102212,8.943131,5
Aluno_000171,5.287979,6.171186,95
Aluno_000172,22.733696,18.796618,87
Aluno_000173,26.749649,9.075881,73
Aluno_000174,7.563402,24.451787,22
Aluno_000175,21.533035,27.842756,44
Aluno_000176,20.020735,12.133212,93
Aluno_000177,31.921857,20.609236,72
Aluno_000178,23.126282,26.857113,38
Aluno_000179,14.237230,16.304641,28
Aluno_000180,10.424281,23.069538,30
Aluno_000181,20.236015,25.953174,24
Aluno_000182,32.574394,16.891817,53
Aluno_000183,5.003533,13.460763,36
Aluno_000184,4.291976,22.491921,16
Aluno_000185,29.135052,6.081633,22
Aluno_000186,9.952820,7.894188,89
Aluno_000187,24.390806,30.923031,80
Aluno_000188,7.698912,29.186515,31
Aluno_000189,21.338303,17.640455,21
Aluno_000190,13.183210,11.762315,74
Aluno_000191,21.595527,9.371337,98
Aluno_000192,27.680573,29.703945,65
Aluno_000193,24.261058,20.017384,25
Aluno_000194,4.022025,17.306855,16
Aluno_000195,8.076393,4.998288,38
Aluno_000196,28.651462,10.946306,74
Aluno_000197,25.538122,24.812408,98
Aluno_000198,5.973171,27.725855,63
Aluno_000199,17.917776,27.041655,11
Aluno_000200,30.823288,6.765147,94
Aluno_000201,12.359335,13.552829,68
Aluno_000202,12.175860,7.276108,5
Aluno_000203,4.162624,3.250141,32
Aluno_000204,18.590596,16.374772,92
Aluno_000205,25.837087,22.000926,78
Aluno_000206,29.072263,28.273806,75
Aluno_000207,25.677751,13.932614,85
Aluno_000208,31.649998,23.252836,49
Aluno_000209,8.259692,16.438808,12
Aluno_000210,19.137096,32.172022,12
Aluno_000211,10.818328,12.836085,31
Aluno_000212,5.348493,14.288558,88
Aluno_000213,9.714413,2.856450,16
Aluno_000214,27.598105,7.821665,66
Aluno_000215,12.286812,24.132190,55
Aluno_000216,5.385019,24.921394,89
Aluno_000217,29.897502,21.146147,54
Aluno_000218,22.096288,14.060878,34
Aluno_000219,28.135651,30.560126,72
Aluno_000220,20.261052,7.186884,75
Aluno_000221,3.160690,20.472738,59
Aluno_000222,32.105352,15.833315,69
Aluno_000223,6.786151,25.338440,91
Aluno_000224,9.477249,30.255349,84
Aluno_000225,30.127371,11.545843,36
Aluno_000226,22.081928,25.114345,28
Aluno_000227,7.102903,7.445699,57
Aluno_000228,8.002149,23.930421,85
Aluno_000229,29.452086,13.317317,42
Aluno_000230,5.149507,32.100255,67
Aluno_000231,24.721649,8.238897,78
Aluno_000232,27.085044,7.034525,9
Aluno_000233,18.795404,21.119151,24
Aluno_000234,19.379276,15.681332,61
Aluno_000235,20.568216,13.431055,1
Aluno_000236,31.603792,6.140328,1
Aluno_000237,19.673643,20.228906,36
Aluno_000238,13.267347,30.209144,37
Aluno_000239,28.164493,22.959794,2
Aluno_000240,32.205637,19.244596,99
Aluno_000241,12.058941,24.791864,100
Aluno_000242,29.937563,20.787565,32
Aluno_000243,12.417986,15.661844,86
Aluno_000244,26.679161,4.439713,15
Aluno_000245,4.239967,8.370071,97
Aluno_000246,14.308969,28.328668,93
Aluno_000247,33.063193,25.461616,4
Aluno_000248,14.280767,7.894013,3
Aluno_000249,21.275346,18.358597,26
Aluno_000250,29.489652,30.160043,75
Aluno_000251,4.000371,8.343562,29
Aluno_000252,26.272468,27.593444,37
Aluno_000253,25.502588,20.174013,95
Aluno_000254,10.833807,6.039815,19
Aluno_000255,22.984411,20.167081,20
Aluno_000256,12.658945,9.539444,30
Aluno_000257,28.027009,31.543351,98
Aluno_000258,14.905196,9.096508,28
Aluno_000259,11.236221,6.944995,15
Aluno_000260,13.015066,8.084357,39
Aluno_000261,4.113025,11.976188,47
Aluno_000262,5.137804,23.824035,44
Aluno_000263,29.418048,3.676219,100
Aluno_000264,19.734816,15.918571,70
Aluno_000265,13.778613,17.193394,5
Aluno_000266,23.236956,15.724468,52
Aluno_000267,11.017912,14.278984,22
Aluno_000268,32.152997,16.009424,92
Aluno_000269,19.749239,3.020499,88
Aluno_000270,20.887580,9.486805,23
Aluno_000271,16.726249,9.233649,42
Aluno_000272,8.477001,30.046525,87
Aluno_000273,6.843033,11.253258,6
Aluno_000274,15.898253,19.882196,80
Aluno_000275,25.666553,14.579253,53
Aluno_000276,24.255441,25.413320,55
Aluno_000277,16.937355,26.279579,72
Aluno_000278,27.655797,25.893246,8
Aluno_000279,9.511816,12.855403,57
Aluno_000280,27.748797,13.890613,49
Aluno_000281,27.315081,19.790430,34
Aluno_000282,31.769414,17.485753,85
Aluno_000283,31.195177,4.832992,85
Aluno_000284,5.553492,30.422411,28
Aluno_000285,7.609216,17.444416,55
Aluno_000286,24.378065,22.941072,4
Aluno_000287,20.687596,20.835465,58
Aluno_000288,29.788723,29.355066,4
Aluno_000289,16.937262,24.030629,84
Aluno_000290,6.309883,12.186977,72
Aluno_000291,5.300296,9.103816,42
Aluno_000292,33.083394,27.065324,30
Aluno_000293,20.658570,18.737651,67
Aluno_000294,29.293055,27.239191,93
Aluno_000295,8.829804,26.670386,51
Aluno_000296,14.160815,23.541852,71
Aluno_000297,8.727605,32.644885,44
Aluno_000298,5.177877,12.430229,72
Aluno_000299,10.552640,6.422781,14
Aluno_000300,21.567197,7.231369,31
Aluno_000301,27.872440,14.661856,47
Aluno_000302,3.197321,12.445262,56
Aluno_000303,9.500328,15.060037,69
Aluno_000304,6.790666,29.486045,52
Aluno_000305,9.373021,22.937590,87
Aluno_000306,29.741405,9.600548,22
Aluno_000307,4.365872,11.173318,58
Aluno_000308,27.610969,29.324800,58
Aluno_000309,24.263991,21.524442,81
Aluno_000310,15.894827,23.404023,14
Aluno_000311,14.645875,29.593795,6
Aluno_000312,29.938680,26.555643,15
Aluno_000313,6.685872,19.873480,50
Aluno_000314,23.996261,31.616556,91
Aluno_000315,6.547925,13.738512,42
Aluno_000316,26.100368,12.063458,56
Aluno_000317,22.208720,30.920365,46
Aluno_000318,13.680402,25.797690,51
Aluno_000319,22.983734,28.209048,59
Aluno_000320,18.846638,16.971067,81
Aluno_000321,24.271616,28.856756,74
Aluno_000322,7.730073,15.088043,53
Aluno_000323,12.112843,25.137488,10
Aluno_000324,14.361930,31.841042,41
Aluno_000325,22.945066,2.876834,45
Aluno_000326,30.170629,26.756757,12
Aluno_000327,21.012400,4.090941,63
Aluno_000328,21.664421,26.609308,89
Aluno_000329,25.925865,24.198272,36
Aluno_000330,5.636784,12.160682,77
Aluno_000331,21.924140,28.973790,71
Aluno_000332,27.594155,28.237152,82
Aluno_000333,21.734842,10.632861,84
Aluno_000334,6.541909,7.774556,40
Aluno_000335,22.445624,11.218576,85
Aluno_000336,7.775332,21.888546,70
Aluno_000337,4.676590,13.217240,13
Aluno_000338,6.054728,12.005406,43
Aluno_000339,11.546448,13.289432,79
Aluno_000340,13.866266,16.916657,93
Aluno_000341,11.373414,30.991514,8
Aluno_000342,32.782455,10.536895,36
Aluno_000343,4.846203,28.885814,59
Aluno_000344,20.784086,20.946876,10
Aluno_000345,30.807557,27.272067,78
Aluno_000346,23.945857,22.920870,53
Aluno_000347,18.858022,19.231698,65
Aluno_000348,27.564558,18.040011,76
Aluno_000349,23.514568,7.092864,3
Aluno_000350,16.011441,30.606467,24
Aluno_000351,20.195013,12.460192,56
Aluno_000352,23.377431,20.286773,77
Aluno_000353,29.992178,21.371603,76
Aluno_000354,32.361035,25.932159,18
Aluno_000355,10.548816,8.038626,69
Aluno_000356,6.730140,12.727301,72
Aluno_000357,20.964196,18.422231,29
Aluno_000358,15.008045,6.012595,31
Aluno_000359,24.659470,22.310398,60
Aluno_000360,17.282465,32.292131,16
Aluno_000361,22.913001,21.967027,59
Aluno_000362,8.898725,7.728322,31
Aluno_000363,23.468334,8.271024,49
Aluno_000364,13.063888,2.963283,94
Aluno_000365,31.269750,13.482901,22
Aluno_000366,23.643093,25.575328,34
Aluno_000367,13.562101,17.964763,15
Aluno_000368,7.036366,13.520524,86
Aluno_000369,7.152683,10.054279,28
Aluno_000370,15.792905,5.897401,93
Aluno_000371,16.324703,14.201500,30
Aluno_000372,30.323730,19.023045,87
Aluno_000373,22.735639,3.788898,81
Aluno_000374,23.799296,11.831775,89
Aluno_000375,11.823906,13.895109,96
Aluno_000376,3.562137,7.581762,58
Aluno_000377,13.010084,31.236907,41
Aluno_000378,7.207931,8.960862,13
Aluno_000379,9.624145,2.978418,85
Aluno_000380,14.161319,16.771818,95
Aluno_000381,10.047147,7.393895,88
Aluno_000382,23.058659,4.304412,41
Aluno_000383,15.524936,20.109247,23
Aluno_000384,27.863526,26.595025,15
Aluno_000385,30.192426,19.177620,58
Aluno_000386,31.079119,10.156431,91
Aluno_000387,26.879476,13.017129,86
Aluno_000388,14.506027,27.902849,38
Aluno_000389,7.434624,16.115115,74
Aluno_000390,27.710224,4.805324,46
Aluno_000391,10.087086,15.758530,54
Aluno_000392,14.695437,27.772361,84
Aluno_000393,4.433223,19.597170,28
Aluno_000394,20.275587,18.403368,2
Aluno_000395,32.875186,10.557368,78
Aluno_000396,15.651263,30.936906,1
Aluno_000397,32.941318,9.422333,87
Aluno_000398,27.231580,5.209922,44
Aluno_000399,29.504947,14.966255,38
Aluno_000400,31.843875,21.595106,66
Aluno_000401,29.451538,26.197374,89
Aluno_000402,6.914503,29.422994,67
Aluno_000403,25.025843,22.831014,53
Aluno_000404,6.646129,17.920530,69
Aluno_000405,20.425853,28.960468,7
Aluno_000406,12.418998,30.856353,100
Aluno_000407,26.328714,27.012939,78
Aluno_000408,14.310109,23.614435,47
Aluno_000409,9.717802,27.261937,12
Aluno_000410,5.519305,31.085696,63
Aluno_000411,29.722602,9.092988,42
Aluno_000412,16.215321,17.670569,99
Aluno_000413,20.580491,29.163920,55
Aluno_000414,11.830175,9.946901,64
Aluno_000415,29.242007,16.585438,13
Aluno_000416,10.482812,10.174050,12
Aluno_000417,7.297044,25.193545,7
Aluno_000418,15.724559,13.897315,51
Aluno_000419,29.517844,28.822887,1
Aluno_000420,25.483355,18.870688,32
Aluno_000421,17.427041,16.443698,48
Aluno_000422,11.156637,4.402352,6
Aluno_000423,25.716787,10.255755,15
Aluno_000424,5.217692,21.966745,27
Aluno_000425,20.752441,31.934589,8
Aluno_000426,8.727577,7.236997,44
Aluno_000427,22.607566,16.975043,27
Aluno_000428,13.838964,21.442898,46
Aluno_000429,29.089799,9.688056,88
Aluno_000430,23.973495,22.169139,16
Aluno_000431,30.043189,24.831806,12
Aluno_000432,17.725351,30.956306,76
Aluno_000433,12.553621,3.840232,82
Aluno_000434,30.363119,29.949909,16
Aluno_000435,16.520597,8.571465,96
Aluno_000436,22.715163,22.346474,89
Aluno_000437,24.448826,30.447638,15
Aluno_000438,8.403393,30.371800,25
Aluno_000439,20.038545,16.665613,87
Aluno_000440,16.300203,10.121085,27
Aluno_000441,15.058082,7.290986,87
Aluno_000442,21.966029,21.527780,28
Aluno_000443,10.670678,4.165648,77
Aluno_000444,11.553704,32.304993,93
Aluno_000445,22.174132,6.260477,44
Aluno_000446,28.792283,32.027199,42
Aluno_000447,30.683505,18.717321,4
Aluno_000448,20.257553,13.017634,2
Aluno_000449,10.667543,9.737126,92
Aluno_000450,16.008592,17.120672,57
Aluno_000451,7.167147,23.688140,33
Aluno_000452,21.835778,5.223755,39
Aluno_000453,3.295555,28.115973,62
Aluno_000454,12.481586,26.739170,47
Aluno_000455,4.560255,19.834100,17
Aluno_000456,24.825086,25.281789,21
Aluno_000457,14.509569,16.118337,91
Aluno_000458,17.983985,13.291115,95
Aluno_000459,13.296109,21.680247,67
Aluno_000460,25.640724,26.037689,30
Aluno_000461,25.764888,31.970241,10
Aluno_000462,18.387561,20.933007,78
Aluno_000463,31.650641,22.948394,57
Aluno_000464,30.385520,5.145114,91
Aluno_000465,19.965787,8.818184,93
Aluno_000466,30.206324,12.894112,52
Aluno_000467,15.817867,23.632933,31
Aluno_000468,19.448906,18.542102,59
Aluno_000469,12.981273,15.613421,76
Aluno_000470,3.147521,28.430493,18
Aluno_000471,21.412281,14.041528,85
Aluno_000472,27.859865,24.472607,15
Aluno_000473,5.463722,32.421851,97
Aluno_000474,21.802098,12.343850,14
Aluno_000475,6.081540,15.259831,7
Aluno_000476,14.930071,13.942822,92
Aluno_000477,32.575830,28.346428,55
Aluno_000478,18.994822,29.817633,63
Aluno_000479,32.662747,30.726471,93
Aluno_000480,7.244655,15.880342,98
Aluno_000481,26.474454,19.128533,71
Aluno_000482,10.461466,3.950979,25
Aluno_000483,20.193081,8.792321,88
Aluno_000484,22.105742,26.410373,32
Aluno_000485,22.540865,29.674354,24
Aluno_000486,11.415882,21.753263,4
Aluno_000487,13.925870,10.453147,53
Aluno_000488,10.574997,5.775747,66
Aluno_000489,15.819598,15.889593,98
Aluno_000490,28.849423,28.877095,71
Aluno_000491,10.519917,18.401138,95
Aluno_000492,14.447566,10.279495,59
Aluno_000493,7.797127,9.595747,100
Aluno_000494,8.022217,29.942388,3
Aluno_000495,13.522730,6.959874,49
Aluno_000496,23.788407,11.766872,44
Aluno_000497,13.417852,6.497184,6
Aluno_000498,12.989504,30.749874,32
Aluno_000499,24.860247,30.110933,2
Aluno_000500,27.485287,31.595246,33
Aluno_000501,21.048509,13.901112,1
Aluno_000502,22.054258,5.401169,39
Aluno_000503,8.876916,31.474380,47
Aluno_000504,15.063972,29.129256,97
Aluno_000505,25.706351,21.196514,52
Aluno_000506,7.297651,10.413396,6
Aluno_000507,18.392890,2.726268,41
Aluno_000508,10.022014,18.245217,58
Aluno_000509,15.887605,22.690018,20
Aluno_000510,27.349892,14.544231,33
Aluno_000511,24.011104,25.910335,7
Aluno_000512,30.107519,17.638300,90
Aluno_000513,16.088173,3.928955,10
Aluno_000514,31.739889,9.597023,94
Aluno_000515,8.892269,7.448420,73
Aluno_000516,19.049532,25.725176,85
Aluno_000517,28.826345,26.440779,49
Aluno_000518,25.615158,7.603790,77
Aluno_000519,4.433046,4.203261,50
Aluno_000520,23.099775,7.179130,98
Aluno_000521,15.292526,26.639396,47
Aluno_000522,27.065664,26.897426,96
Aluno_000523,12.842644,30.185416,56
Aluno_000524,20.575434,3.587678,46
Aluno_000525,15.831910,25.230249,98
Aluno_000526,18.840584,14.425326,56
Aluno_000527,29.763626,6.343013,89
Aluno_000528,7.971969,15.448102,3
Aluno_000529,22.745125,12.351800,87
Aluno_000530,17.500220,6.211857,91
Aluno_000531,29.637033,28.137394,87
Aluno_000532,22.278173,3.049751,87
Aluno_000533,8.353542,24.963378,29
Aluno_000534,26.866639,14.393331,34
Aluno_000535,19.272462,9.286588,36
Aluno_000536,3.625984,16.466414,32
Aluno_000537,11.063840,31.064988,91
Aluno_000538,28.950404,27.191648,28
Aluno_000539,28.479326,20.406484,89
Aluno_000540,13.336732,16.025838,62
Aluno_000541,28.151165,10.811236,60
Aluno_000542,14.854249,28.677316,95
Aluno_000543,11.825418,24.414791,51
Aluno_000544,4.466590,19.326218,21
Aluno_000545,23.238075,31.070543,40
Aluno_000546,26.907937,18.466810,23
Aluno_000547,19.216561,19.375108,5
Aluno_000548,12.038486,15.686110,40
Aluno_000549,27.779441,24.070103,52
Aluno_000550,31.056691,5.405124,6
Aluno_000551,19.571538,13.551903,37
Aluno_000552,12.316891,31.182675,98
Aluno_000553,26.074322,27.135378,1
Aluno_000554,15.241862,7.767295,92
Aluno_000555,21.493133,21.053648,44
Aluno_000556,29.564884,25.078594,50
Aluno_000557,21.455910,16.144298,99
Aluno_000558,8.259089,10.919133,84
Aluno_000559,27.945351,29.781327,4
Aluno_000560,28.551870,9.225679,38
Aluno_000561,25.392489,17.683426,74
Aluno_000562,4.758534,21.959807,91
Aluno_000563,5.345917,11.109051,24
Aluno_000564,32.879154,13.297020,54
Aluno_000565,16.402144,29.625359,76
Aluno_000566,10.877262,30.435844,11
Aluno_000567,29.318519,32.473682,85
Aluno_000568,27.309060,19.694153,18
Aluno_000569,25.161447,21.892841,38
Aluno_000570,10.646490,9.050922,25
Aluno_000571,31.829516,13.154580,79
Aluno_000572,26.998878,6.711374,50
Aluno_000573,15.330507,19.785425,71
Aluno_000574,17.266753,31.757967,81
Aluno_000575,8.683646,9.775857,22
Aluno_000576,25.159283,12.318623,10
Aluno_000577,31.978431,30.576136,55
Aluno_000578,9.385186,26.417817,79
Aluno_000579,7.414837,3.824348,49
Aluno_000580,31.149707,8.764340,6
Aluno_000581,6.900184,20.316981,84
Aluno_000582,20.490663,8.526969,37
Aluno_000583,25.921121,2.718703,4
Aluno_000584,22.311545,14.299724,37
Aluno_000585,21.050646,17.582569,80
Aluno_000586,28.437149,29.458034,99
Aluno_000587,3.869408,19.380162,38
Aluno_000588,6.865587,21.936028,79
Aluno_000589,21.393995,15.699915,82
Aluno_000590,23.175772,20.632340,42
Aluno_000591,30.650963,26.577641,16
Aluno_000592,24.853777,14.835055,8
Aluno_000593,8.952872,29.129394,84
Aluno_000594,30.653742,30.738963,91
Aluno_000595,7.203303,12.867709,61
Aluno_000596,30.884690,28.303448,11
Aluno_000597,4.530417,10.603488,54
Aluno_000598,11.022191,17.875354,98
Aluno_000599,29.875077,26.951539,28
Aluno_000600,12.234107,29.833736,91
Aluno_000601,26.991770,17.425723,22
Aluno_000602,4.505885,7.171257,58
Aluno_000603,26.807284,27.361178,92
Aluno_000604,10.761093,7.871472,93
Aluno_000605,26.203812,14.701279,38
Aluno_000606,8.978920,30.436865,14
Aluno_000607,12.971920,23.354775,54
Aluno_000608,20.184168,30.332697,92
Aluno_000609,28.771660,18.424793,92
Aluno_000610,28.992502,17.337910,55
Aluno_000611,13.341358,32.474964,98
Aluno_000612,10.778451,26.377192,27
Aluno_000613,11.952546,14.371775,91
Aluno_000614,9.023314,18.300642,53
Aluno_000615,15.834378,8.327623,63
Aluno_000616,23.453346,17.757422,71
Aluno_000617,22.628678,9.326149,51
Aluno_000618,4.387327,24.459231,1
Aluno_000619,30.030702,15.935962,49
Aluno_000620,28.337242,11.648420,32
Aluno_000621,9.785285,22.734514,94
Aluno_000622,13.789288,3.816162,16
Aluno_000623,31.848859,19.257205,39
Aluno_000624,5.381998,30.473457,29
Aluno_000625,15.511366,27.120520,6
Aluno_000626,27.295483,30.874499,52
Aluno_000627,24.951691,25.352725,39
Aluno_000628,7.424500,4.573935,59
Aluno_000629,20.574577,3.404237,49
Aluno_000630,9.431860,12.947814,18
Aluno_000631,28.405236,2.908955,2
Aluno_000632,9.935104,29.385206,22
Aluno_000633,21.544437,17.533914,27
Aluno_000634,31.169876,10.822431,93
Aluno_000635,20.170851,18.075139,66
Aluno_000636,8.509653,26.007118,64
Aluno_000637,27.523280,26.456136,58
Aluno_000638,13.413341,18.798941,20
Aluno_000639,16.972398,25.872139,55
Aluno_000640,20.692658,15.295339,1
Aluno_000641,13.869839,28.983764,74
Aluno_000642,22.036489,14.488142,4
Aluno_000643,16.762076,5.321530,28
Aluno_000644,6.425767,25.960989,16
Aluno_000645,6.608803,3.836653,56
Aluno_000646,4.445609,12.357627,42
Aluno_000647,9.442833,31.514039,86
Aluno_000648,16.747952,10.880713,6
Aluno_000649,19.403144,27.487269,94
Aluno_000650,13.262408,14.417828,86
Aluno_000651,8.124946,6.073994,90
Aluno_000652,30.230130,18.272061,87
Aluno_000653,4.771003,32.148226,1
Aluno_000654,25.720364,10.143472,28
Aluno_000655,23.138811,18.243401,67
Aluno_000656,14.927165,12.913023,7
Aluno_000657,25.101165,3.508649,79
Aluno_000658,6.530179,3.463654,5
Aluno_000659,27.124643,8.363241,17
Aluno_000660,9.899894,9.455946,79
Aluno_000661,19.513573,30.233446,74
Aluno_000662,29.447484,10.845503,18
Aluno_000663,19.426216,25.456406,1
Aluno_000664,20.643675,12.695436,100
Aluno_000665,24.813265,5.329359,63
Aluno_000666,9.103354,30.406083,66
Aluno_000667,16.378145,29.438211,15
Aluno_000668,29.286437,5.833484,20
Aluno_000669,13.676956,17.649147,37
Aluno_000670,3.592548,21.506801,22
Aluno_000671,32.119824,3.315767,73
Aluno_000672,4.524416,15.019713,62
Aluno_000673,16.183367,23.720988,25
Aluno_000674,29.784229,7.554595,100
Aluno_000675,14.710541,9.808010,78
Aluno_000676,7.741455,6.184124,33
Aluno_000677,14.729627,30.724114,93
Aluno_000678,23.880520,3.688939,15
Aluno_000679,14.084376,30.655843,38
Aluno_000680,3.685202,11.024195,87
Aluno_000681,9.130278,5.397641,1
Aluno_000682,32.535852,9.288556,79
Aluno_000683,12.822041,22.008423,25
Aluno_000684,7.357570,28.322288,1
Aluno_000685,17.529089,22.998996,7
Aluno_000686,24.014763,7.450118,92
Aluno_000687,20.169831,16.148913,59
Aluno_000688,7.569901,25.039179,37
Aluno_000689,30.293774,2.853197,48
Aluno_000690,10.361207,3.854130,28
Aluno_000691,7.738254,11.504316,68
Aluno_000692,9.928430,14.602662,22
Aluno_000693,15.991602,18.967881,45
Aluno_000694,17.323724,30.308950,68
Aluno_000695,9.033144,26.575977,73
Aluno_000696,29.673618,17.508927,59
Aluno_000697,24.497483,14.663423,85
Aluno_000698,4.371845,28.709470,88
Aluno_000699,24.731758,3.819523,31
Aluno_000700,24.518520,8.229415,74
Aluno_000701,13.379533,8.760847,9
Aluno_000702,22.609760,15.033283,3
Aluno_000703,7.772462,30.049364,35
Aluno_000704,30.602561,26.679661,85
Aluno_000705,28.233791,4.566236,54
Aluno_000706,13.770552,7.463768,64
Aluno_000707,19.766431,32.472046,17
Aluno_000708,19.139927,20.198982,46
Aluno_000709,18.207931,32.258032,31
Aluno_000710,26.534009,2.963651,7
Aluno_000711,18.172578,23.741076,32
Aluno_000712,6.104498,22.707627,31
Aluno_000713,19.117097,9.170061,85
Aluno_000714,10.689584,6.976344,57
Aluno_000715,12.905759,10.348855,83
Aluno_000716,16.809702,31.708104,43
Aluno_000717,14.441387,22.785292,100
Aluno_000718,20.534656,5.919461,94
Aluno_000719,30.299122,18.713849,32
Aluno_000720,20.980085,17.637217,47
Aluno_000721,22.800986,25.032914,21
Aluno_000722,25.204960,31.250637,99
Aluno_000723,19.149618,9.067416,68
Aluno_000724,9.025448,10.844887,17
Aluno_000725,11.508538,3.857550,66
Aluno_000726,25.298625,32.059458,93
Aluno_000727,22.467085,26.181116,76
Aluno_000728,33.051176,27.903123,2
Aluno_000729,32.579467,8.084182,80
Aluno_000730,16.133037,10.240760,58
Aluno_000731,9.648864,11.985226,75
Aluno_000732,32.470518,29.442738,40
Aluno_000733,33.062200,20.590251,60
Aluno_000734,7.004099,19.505174,62
Aluno_000735,4.842391,29.861322,24
Aluno_000736,22.594236,24.484184,13
Aluno_000737,23.434821,24.143376,77
Aluno_000738,30.910793,14.299196,93
Aluno_000739,22.844083,9.084439,10
Aluno_000740,10.641989,6.436241,7
Aluno_000741,6.195699,30.852621,99
Aluno_000742,24.733736,32.440614,94
Aluno_000743,28.043737,25.162784,37
Aluno_000744,30.946965,24.284913,35
Aluno_000745,32.225673,27.123204,50
Aluno_000746,6.808429,13.580002,72
Aluno_000747,10.722740,8.374537,78
Aluno_000748,26.664787,5.778947,1
Aluno_000749,22.984121,10.284940,65
Aluno_000750,7.846262,30.168886,9
Aluno_000751,22.353070,24.326511,47
Aluno_000752,16.169888,26.940498,37
Aluno_000753,8.939694,12.287891,7
Aluno_000754,19.072330,13.580680,67
Aluno_000755,17.716921,28.283777,53
Aluno_000756,26.836397,26.214319,24
Aluno_000757,26.354933,20.412620,59
Aluno_000758,13.275403,18.070133,80
Aluno_000759,10.055046,20.898670,25
Aluno_000760,15.721873,10.722369,90
Aluno_000761,22.002371,8.780719,37
Aluno_000762,14.855255,19.030303,52
Aluno_000763,22.509250,29.225111,81
Aluno_000764,7.210051,8.020043,48
Aluno_000765,5.888929,11.993371,13
Aluno_000766,4.019882,11.556313,4
Aluno_000767,6.196811,24.741999,12
Aluno_000768,4.729891,16.689770,89
Aluno_000769,27.970450,11.636505,48
Aluno_000770,7.620282,20.302221,22
Aluno_000771,14.216540,12.187372,48
Aluno_000772,30.299991,30.956679,98
Aluno_000773,16.726813,7.071472,15
Aluno_000774,25.670142,10.075395,36
Aluno_000775,18.497764,23.281859,33
Aluno_000776,29.762577,7.892015,16
Aluno_000777,24.622318,7.000135,7
Aluno_000778,3.925246,11.117833,62
Aluno_000779,16.837876,13.631568,16
Aluno_000780,23.324939,7.635297,23
Aluno_000781,16.891610,19.226805,70
Aluno_000782,11.668804,23.844821,62
Aluno_000783,8.234590,19.588421,11
Aluno_000784,28.924927,12.898694,28
Aluno_000785,30.900915,2.705041,80
Aluno_000786,12.592412,3.045209,16
Aluno_000787,31.701888,11.617455,3
Aluno_000788,16.388927,9.392404,38
Aluno_000789,17.167799,14.928701,95
Aluno_000790,5.910559,8.559069,27
Aluno_000791,14.151084,32.165562,79
Aluno_000792,6.865697,32.173137,84
Aluno_000793,10.990969,5.273402,30
Aluno_000794,16.604970,7.290943,59
Aluno_000795,12.626240,24.328845,31
Aluno_000796,11.255649,6.429909,42
Aluno_000797,27.974730,26.017850,15
Aluno_000798,13.306271,19.424453,43
Aluno_000799,30.023148,2.709320,83
Aluno_000800,3.114361,8.731198,62
Aluno_000801,9.476407,27.424063,16
Aluno_000802,6.741518,12.206773,82
Aluno_000803,19.299176,7.678295,60
Aluno_000804,20.306995,19.630445,30
Aluno_000805,25.889514,2.966975,17
Aluno_000806,32.832537,22.717555,44
Aluno_000807,22.590691,6.540598,97
Aluno_000808,9.514000,6.198234,76
Aluno_000809,11.189177,30.081661,5
Aluno_000810,22.110506,22.618970,64
Aluno_000811,26.748879,20.315417,98
Aluno_000812,14.033267,29.866155,26
Aluno_000813,16.990609,21.223609,25
Aluno_000814,21.632929,23.839538,9
Aluno_000815,30.270736,13.513756,53
Aluno_000816,8.637819,21.247290,5
Aluno_000817,31.154062,6.247143,76
Aluno_000818,11.625437,11.879337,55
Aluno_000819,29.209782,16.953239,94
Aluno_000820,17.620213,28.432433,70
Aluno_000821,18.849987,21.599296,33
Aluno_000822,25.839894,16.952751,25
Aluno_000823,20.850985,7.940678,5
Aluno_000824,5.722339,31.853894,63
Aluno_000825,22.172864,28.540163,83
Aluno_000826,16.555580,24.332845,88
Aluno_000827,21.899000,15.421744,56
Aluno_000828,4.345353,27.088847,49
Aluno_000829,18.628385,5.389608,82
Aluno_000830,16.603364,22.478282,90
Aluno_000831,11.425571,15.399121,63
Aluno_000832,19.346264,21.741184,97
Aluno_000833,31.320521,9.079634,71
Aluno_000834,23.732872,27.471701,74
Aluno_000835,23.604134,27.030303,78
Aluno_000836,16.329599,7.853086,40
Aluno_000837,22.505836,8.954121,17
Aluno_000838,14.594799,8.669492,74
Aluno_000839,8.223386,9.856821,15
Aluno_000840,6.096984,16.817138,73
Aluno_000841,8.849982,26.896251,37
Aluno_000842,10.017994,19.152564,12
Aluno_000843,13.941411,27.248982,98
Aluno_000844,30.338590,10.863347,13
Aluno_000845,31.041629,29.069796,72
Aluno_000846,12.168917,13.441955,50
Aluno_000847,32.883139,8.967200,69
Aluno_000848,15.746834,28.015181,47
Aluno_000849,23.186882,30.703659,56
Aluno_000850,25.433962,5.979706,15
Aluno_000851,11.532791,13.291016,69
Aluno_000852,19.945137,8.263561,40
Aluno_000853,14.633053,30.538627,39
Aluno_000854,8.095449,31.039935,25
Aluno_000855,15.557073,19.356440,2
Aluno_000856,13.952690,10.692433,73
Aluno_000857,27.544996,20.907056,12
Aluno_000858,15.856038,20.470684,10
Aluno_000859,29.034032,7.986407,22
Aluno_000860,4.756203,12.694628,93
Aluno_000861,23.836583,26.575660,99
Aluno_000862,3.242860,13.425120,36
Aluno_000863,9.140301,23.219721,41
Aluno_000864,21.623381,15.489694,22
Aluno_000865,19.169399,28.827184,9
Aluno_000866,9.818199,13.557343,18
Aluno_000867,19.520904,27.202191,61
Aluno_000868,25.440818,26.263336,77
Aluno_000869,25.003272,30.653957,91
Aluno_000870,17.710397,30.036267,75
Aluno_000871,8.428700,7.060345,49
Aluno_000872,25.667401,28.163087,79
Aluno_000873,16.333771,32.473696,38
Aluno_000874,8.160103,8.023438,46
Aluno_000875,18.418067,11.867803,92
Aluno_000876,6.143463,9.416306,62
Aluno_000877,20.541426,8.754649,47
Aluno_000878,29.674371,5.886323,12
Aluno_000879,19.076017,26.181728,60
Aluno_000880,22.708911,17.797751,2
Aluno_000881,29.055094,4.745417,26
Aluno_000882,29.647608,29.027111,80
Aluno_000883,22.990447,15.075998,93
Aluno_000884,13.429955,21.588426,64
Aluno_000885,19.324693,14.493718,5
Aluno_000886,19.254063,27.640352,95
Aluno_000887,23.503439,24.253392,89
Aluno_000888,24.427088,11.421464,68
Aluno_000889,17.144902,6.337211,4
Aluno_000890,15.905014,29.087191,62
Aluno_000891,6.203497,32.062969,61
Aluno_000892,8.517618,18.548477,54
Aluno_000893,22.134800,23.244924,97
Aluno_000894,17.126651,4.691989,53
Aluno_000895,20.189740,7.710818,27
Aluno_000896,10.156235,6.335562,5
Aluno_000897,33.062673,15.744834,71
Aluno_000898,28.520832,6.303842,87
Aluno_000899,25.592268,22.553120,33
Aluno_000900,4.746838,8.450788,13
Aluno_000901,3.791140,11.416960,61
Aluno_000902,3.370353,20.500901,81
Aluno_000903,29.622365,23.794579,92
Aluno_000904,27.831790,24.297441,51
Aluno_000905,21.084633,13.267267,78
Aluno_000906,13.030236,10.236804,35
Aluno_000907,26.485281,23.788130,12
Aluno_000908,14.733054,18.047854,24
Aluno_000909,20.439842,15.120081,46
Aluno_000910,20.530899,28.359705,71
Aluno_000911,32.395267,7.129582,77
Aluno_000912,20.574416,27.187134,72
Aluno_000913,31.190976,31.957940,51
Aluno_000914,22.211060,15.595249,69
Aluno_000915,21.746036,23.283243,87
Aluno_000916,32.400204,23.457898,7
Aluno_000917,11.658800,22.037177,15
Aluno_000918,13.531756,32.270557,75
Aluno_000919,24.267998,7.781165,74
Aluno_000920,18.748432,7.863546,70
Aluno_000921,15.800350,11.852630,36
Aluno_000922,3.340760,28.278667,86
Aluno_000923,14.026521,8.785631,24
Aluno_000924,21.605712,14.573814,32
Aluno_000925,10.633519,30.966363,39
Aluno_000926,5.795945,8.636611,50
Aluno_000927,3.523745,9.528786,88
Aluno_000928,9.186726,22.870362,61
Aluno_000929,6.165610,31.214720,89
Aluno_000930,22.197964,27.897787,72
Aluno_000931,19.055685,24.411647,73
Aluno_000932,14.148823,21.098167,1
Aluno_000933,21.068724,27.214485,52
Aluno_000934,32.695649,24.180579,64
Aluno_000935,29.744125,11.836722,51
Aluno_000936,21.389352,17.944081,81
Aluno_000937,13.922748,12.044475,98
Aluno_000938,18.530106,21.230112,14
Aluno_000939,3.503926,24.449269,4
Aluno_000940,23.115633,6.635818,44
Aluno_000941,12.972429,10.637445,85
Aluno_000942,17.866231,25.411578,32
Aluno_000943,15.981940,12.996174,67
Aluno_000944,11.910895,23.552957,87
Aluno_000945,19.150744,18.647550,53
Aluno_000946,10.759196,30.608858,53
Aluno_000947,19.407026,4.706429,45
Aluno_000948,29.620913,21.408020,67
Aluno_000949,13.288599,6.975749,80
Aluno_000950,16.512471,28.816563,18
Aluno_000951,14.460644,9.532724,37
Aluno_000952,19.277199,4.401823,67
Aluno_000953,23.331935,24.883392,56
Aluno_000954,17.032661,4.307305,12
Aluno_000955,8.643123,23.335861,51
Aluno_000956,31.673305,6.648294,46
Aluno_000957,29.759872,18.115553,13
Aluno_000958,28.811727,16.039536,38
Aluno_000959,7.292493,12.241812,6
Aluno_000960,28.589362,7.222622,53
Aluno_000961,5.531480,22.943236,62
Aluno_000962,25.349665,5.848558,78
Aluno_000963,24.956578,21.438505,54
Aluno_000964,26.114255,21.470578,65
Aluno_000965,17.987141,4.745177,42
Aluno_000966,11.977900,9.126726,56
Aluno_000967,11.228548,28.947785,46
Aluno_000968,21.531177,27.755100,91
Aluno_000969,29.762405,31.060483,70
Aluno_000970,22.096344,5.063838,1
Aluno_000971,9.412133,4.905528,86
Aluno_000972,20.721081,20.269649,54
Aluno_000973,4.009184,5.672005,33
Aluno_000974,15.613817,16.032808,4
Aluno_000975,20.955430,7.801677,92
Aluno_000976,28.444913,10.703178,37
Aluno_000977,14.251737,22.986909,9
Aluno_000978,12.125415,20.294578,36
Aluno_000979,9.465156,5.708314,3
Aluno_000980,8.153491,4.739670,88
Aluno_000981,11.566395,23.952297,5
Aluno_000982,20.600082,16.631392,91
Aluno_000983,12.086491,19.294944,54
Aluno_000984,18.055427,8.631259,60
Aluno_000985,11.395097,8.348896,54
Aluno_000986,10.954424,6.651770,4
Aluno_000987,24.621419,17.307230,5
Aluno_000988,20.679235,28.175505,19
Aluno_000989,11.908313,25.130604,94
Aluno_000990,30.632281,2.793051,10
Aluno_000991,11.196230,29.363742,71
Aluno_000992,20.050652,25.577194,55
Aluno_000993,13.571772,21.947966,40
Aluno_000994,25.356281,28.676066,76
Aluno_000995,31.115736,19.536928,71
Aluno_000996,11.189225,30.009772,33
Aluno_000997,14.341163,9.182131,32
Aluno_000998,26.177075,28.289307,16
Aluno_000999,4.620566,22.927654,23
Aluno_001000,28.976550,10.732502,1
